,locationId,location,parameter,value,unit,country,city,isMobile,isAnalysis,entity,sensorType,date.utc,date.local,coordinates.latitude,coordinates.longitude
1,1938,Seattle-Beacon Hill,pm25,4.4,µg/m³,US,,False,,Governmental Organization,reference grade,2024-06-16 04:00:00+00:00,2024-06-15 21:00:00,47.568236000000006,-122.308628
2,1938,Seattle-Beacon Hill,pm25,1.6,µg/m³,US,,False,,Governmental Organization,reference grade,2024-06-16 03:00:00+00:00,2024-06-15 20:00:00,47.568236000000006,-122.308628
3,1938,Seattle-Beacon Hill,pm25,4.5,µg/m³,US,,False,,Governmental Organization,reference grade,2024-06-16 02:00:00+00:00,2024-06-15 19:00:00,47.568236000000006,-122.308628
4,1938,Seattle-Beacon Hill,pm25,2.0,µg/m³,US,,False,,Governmental Organization,reference grade,2024-06-16 01:00:00+00:00,2024-06-15 18:00:00,47.568236000000006,-122.308628
5,1938,Seattle-Beacon Hill,pm25,10.0,µg/m³,US,,False,,Governmental Organization,reference grade,2024-06-16 00:00:00+00:00,2024-06-15 17:00:00,47.568236000000006,-122.308628
9,1938,Seattle-Beacon Hill,pm25,1.0,µg/m³,US,,False,,Governmental Organization,reference grade,2024-06-15 20:00:00+00:00,2024-06-15 13:00:00,47.568236000000006,-122.308628
10,1938,Seattle-Beacon Hill,pm25,1.0,µg/m³,US,,False,,Governmental Organization,reference grade,2024-06-15 19:00:00+00:00,2024-06-15 12:00:00,47.568236000000006,-122.308628
11,1938,Seattle-Beacon Hill,pm25,3.3,µg/m³,US,,False,,Governmental Organization,reference grade,2024-06-15 18:00:00+00:00,2024-06-15 11:00:00,47.568236000000006,-122.308628
14,1938,Seattle-Beacon Hill,pm25,2.6,µg/m³,US,,False,,Governmental Organization,reference grade,2024-06-15 15:00:00+00:00,2024-06-15 08:00:00,47.568236000000006,-122.308628
15,1938,Seattle-Beacon Hill,pm25,0.4,µg/m³,US,,False,,Governmental Organization,reference grade,2024-06-15 14:00:00+00:00,2024-06-15 07:00:00,47.568236000000006,-122.308628
19,1938,Seattle-Beacon Hill,pm25,0.8,µg/m³,US,,False,,Governmental Organization,reference grade,2024-06-15 10:00:00+00:00,2024-06-15 03:00:00,47.568236000000006,-122.308628
20,1938,Seattle-Beacon Hill,pm25,1.5,µg/m³,US,,False,,Governmental Organization,reference grade,2024-06-15 09:00:00+00:00,2024-06-15 02:00:00,47.568236000000006,-122.308628
21,1938,Seattle-Beacon Hill,pm25,0.5,µg/m³,US,,False,,Governmental Organization,reference grade,2024-06-15 08:00:00+00:00,2024-06-15 01:00:00,47.568236000000006,-122.308628
22,1938,Seattle-Beacon Hill,pm25,5.2,µg/m³,US,,False,,Governmental Organization,reference grade,2024-06-15 07:00:00+00:00,2024-06-15 00:00:00,47.568236000000006,-122.308628
23,1938,Seattle-Beacon Hill,pm25,1.5,µg/m³,US,,False,,Governmental Organization,reference grade,2024-06-15 06:00:00+00:00,2024-06-14 23:00:00,47.568236000000006,-122.308628
24,1938,Seattle-Beacon Hill,pm25,1.2,µg/m³,US,,False,,Governmental Organization,reference grade,2024-06-15 05:00:00+00:00,2024-06-14 22:00:00,47.568236000000006,-122.308628
25,1938,Seattle-Beacon Hill,pm25,2.9,µg/m³,US,,False,,Governmental Organization,reference grade,2024-06-15 04:00:00+00:00,2024-06-14 21:00:00,47.568236000000006,-122.308628
26,1938,Seattle-Beacon Hill,pm25,3.8,µg/m³,US,,False,,Governmental Organization,reference grade,2024-06-15 03:00:00+00:00,2024-06-14 20:00:00,47.568236000000006,-122.308628
27,1938,Seattle-Beacon Hill,pm25,0.1,µg/m³,US,,False,,Governmental Organization,reference grade,2024-06-15 02:00:00+00:00,2024-06-14 19:00:00,47.568236000000006,-122.308628
28,1938,Seattle-Beacon Hill,pm25,0.3,µg/m³,US,,False,,Governmental Organization,reference grade,2024-06-15 01:00:00+00:00,2024-06-14 18:00:00,47.568236000000006,-122.308628
29,1938,Seattle-Beacon Hill,pm25,5.5,µg/m³,US,,False,,Governmental Organization,reference grade,2024-06-15 00:00:00+00:00,2024-06-14 17:00:00,47.568236000000006,-122.308628
30,1938,Seattle-Beacon Hill,pm25,0.4,µg/m³,US,,False,,Governmental Organization,reference grade,2024-06-14 23:00:00+00:00,2024-06-14 16:00:00,47.568236000000006,-122.308628
31,1938,Seattle-Beacon Hill,pm25,0.7,µg/m³,US,,False,,Governmental Organization,reference grade,2024-06-14 22:00:00+00:00,2024-06-14 15:00:00,47.568236000000006,-122.308628
32,1938,Seattle-Beacon Hill,pm25,8.2,µg/m³,US,,False,,Governmental Organization,reference grade,2024-06-14 21:00:00+00:00,2024-06-14 14:00:00,47.568236000000006,-122.308628
33,1938,Seattle-Beacon Hill,pm25,2.3,µg/m³,US,,False,,Governmental Organization,reference grade,2024-06-14 20:00:00+00:00,2024-06-14 13:00:00,47.568236000000006,-122.308628
34,1938,Seattle-Beacon Hill,pm25,2.2,µg/m³,US,,False,,Governmental Organization,reference grade,2024-06-14 19:00:00+00:00,2024-06-14 12:00:00,47.568236000000006,-122.308628
35,1938,Seattle-Beacon Hill,pm25,5.1,µg/m³,US,,False,,Governmental Organization,reference grade,2024-06-14 18:00:00+00:00,2024-06-14 11:00:00,47.568236000000006,-122.308628
36,1938,Seattle-Beacon Hill,pm25,2.9,µg/m³,US,,False,,Governmental Organization,reference grade,2024-06-14 17:00:00+00:00,2024-06-14 10:00:00,47.568236000000006,-122.308628
37,1938,Seattle-Beacon Hill,pm25,1.9,µg/m³,US,,False,,Governmental Organization,reference grade,2024-06-14 16:00:00+00:00,2024-06-14 09:00:00,47.568236000000006,-122.308628
38,1938,Seattle-Beacon Hill,pm25,4.2,µg/m³,US,,False,,Governmental Organization,reference grade,2024-06-14 15:00:00+00:00,2024-06-14 08:00:00,47.568236000000006,-122.308628
39,1938,Seattle-Beacon Hill,pm25,2.1,µg/m³,US,,False,,Governmental Organization,reference grade,2024-06-14 14:00:00+00:00,2024-06-14 07:00:00,47.568236000000006,-122.308628
40,1938,Seattle-Beacon Hill,pm25,3.4,µg/m³,US,,False,,Governmental Organization,reference grade,2024-06-14 13:00:00+00:00,2024-06-14 06:00:00,47.568236000000006,-122.308628
41,1938,Seattle-Beacon Hill,pm25,3.1,µg/m³,US,,False,,Governmental Organization,reference grade,2024-06-14 12:00:00+00:00,2024-06-14 05:00:00,47.568236000000006,-122.308628
42,1938,Seattle-Beacon Hill,pm25,2.3,µg/m³,US,,False,,Governmental Organization,reference grade,2024-06-14 11:00:00+00:00,2024-06-14 04:00:00,47.568236000000006,-122.308628
43,1938,Seattle-Beacon Hill,pm25,4.1,µg/m³,US,,False,,Governmental Organization,reference grade,2024-06-14 10:00:00+00:00,2024-06-14 03:00:00,47.568236000000006,-122.308628
44,1938,Seattle-Beacon Hill,pm25,3.9,µg/m³,US,,False,,Governmental Organization,reference grade,2024-06-14 09:00:00+00:00,2024-06-14 02:00:00,47.568236000000006,-122.308628
45,1938,Seattle-Beacon Hill,pm25,2.0,µg/m³,US,,False,,Governmental Organization,reference grade,2024-06-14 08:00:00+00:00,2024-06-14 01:00:00,47.568236000000006,-122.308628
46,1938,Seattle-Beacon Hill,pm25,2.0,µg/m³,US,,False,,Governmental Organization,reference grade,2024-06-14 07:00:00+00:00,2024-06-14 00:00:00,47.568236000000006,-122.308628
47,1938,Seattle-Beacon Hill,pm25,4.4,µg/m³,US,,False,,Governmental Organization,reference grade,2024-06-14 06:00:00+00:00,2024-06-13 23:00:00,47.568236000000006,-122.308628
48,1938,Seattle-Beacon Hill,pm25,0.6,µg/m³,US,,False,,Governmental Organization,reference grade,2024-06-14 05:00:00+00:00,2024-06-13 22:00:00,47.568236000000006,-122.308628
49,1938,Seattle-Beacon Hill,pm25,7.4,µg/m³,US,,False,,Governmental Organization,reference grade,2024-06-14 04:00:00+00:00,2024-06-13 21:00:00,47.568236000000006,-122.308628
50,1938,Seattle-Beacon Hill,pm25,1.2,µg/m³,US,,False,,Governmental Organization,reference grade,2024-06-14 03:00:00+00:00,2024-06-13 20:00:00,47.568236000000006,-122.308628
51,1938,Seattle-Beacon Hill,pm25,6.4,µg/m³,US,,False,,Governmental Organization,reference grade,2024-06-14 02:00:00+00:00,2024-06-13 19:00:00,47.568236000000006,-122.308628
53,1938,Seattle-Beacon Hill,pm25,0.8,µg/m³,US,,False,,Governmental Organization,reference grade,2024-06-14 00:00:00+00:00,2024-06-13 17:00:00,47.568236000000006,-122.308628
54,1938,Seattle-Beacon Hill,pm25,0.9,µg/m³,US,,False,,Governmental Organization,reference grade,2024-06-13 23:00:00+00:00,2024-06-13 16:00:00,47.568236000000006,-122.308628
55,1938,Seattle-Beacon Hill,pm25,6.2,µg/m³,US,,False,,Governmental Organization,reference grade,2024-06-13 22:00:00+00:00,2024-06-13 15:00:00,47.568236000000006,-122.308628
56,1938,Seattle-Beacon Hill,pm25,0.7,µg/m³,US,,False,,Governmental Organization,reference grade,2024-06-13 21:00:00+00:00,2024-06-13 14:00:00,47.568236000000006,-122.308628
58,1938,Seattle-Beacon Hill,pm25,3.6,µg/m³,US,,False,,Governmental Organization,reference grade,2024-06-13 19:00:00+00:00,2024-06-13 12:00:00,47.568236000000006,-122.308628
59,1938,Seattle-Beacon Hill,pm25,3.1,µg/m³,US,,False,,Governmental Organization,reference grade,2024-06-13 18:00:00+00:00,2024-06-13 11:00:00,47.568236000000006,-122.308628
60,1938,Seattle-Beacon Hill,pm25,7.7,µg/m³,US,,False,,Governmental Organization,reference grade,2024-06-13 17:00:00+00:00,2024-06-13 10:00:00,47.568236000000006,-122.308628
61,1938,Seattle-Beacon Hill,pm25,3.2,µg/m³,US,,False,,Governmental Organization,reference grade,2024-06-13 16:00:00+00:00,2024-06-13 09:00:00,47.568236000000006,-122.308628
62,1938,Seattle-Beacon Hill,pm25,7.1,µg/m³,US,,False,,Governmental Organization,reference grade,2024-06-13 15:00:00+00:00,2024-06-13 08:00:00,47.568236000000006,-122.308628
63,1938,Seattle-Beacon Hill,pm25,2.3,µg/m³,US,,False,,Governmental Organization,reference grade,2024-06-13 14:00:00+00:00,2024-06-13 07:00:00,47.568236000000006,-122.308628
64,1938,Seattle-Beacon Hill,pm25,7.2,µg/m³,US,,False,,Governmental Organization,reference grade,2024-06-13 13:00:00+00:00,2024-06-13 06:00:00,47.568236000000006,-122.308628
65,1938,Seattle-Beacon Hill,pm25,4.9,µg/m³,US,,False,,Governmental Organization,reference grade,2024-06-13 12:00:00+00:00,2024-06-13 05:00:00,47.568236000000006,-122.308628
66,1938,Seattle-Beacon Hill,pm25,3.2,µg/m³,US,,False,,Governmental Organization,reference grade,2024-06-13 11:00:00+00:00,2024-06-13 04:00:00,47.568236000000006,-122.308628
67,1938,Seattle-Beacon Hill,pm25,2.8,µg/m³,US,,False,,Governmental Organization,reference grade,2024-06-13 10:00:00+00:00,2024-06-13 03:00:00,47.568236000000006,-122.308628
68,1938,Seattle-Beacon Hill,pm25,2.0,µg/m³,US,,False,,Governmental Organization,reference grade,2024-06-13 09:00:00+00:00,2024-06-13 02:00:00,47.568236000000006,-122.308628
69,1938,Seattle-Beacon Hill,pm25,6.5,µg/m³,US,,False,,Governmental Organization,reference grade,2024-06-13 08:00:00+00:00,2024-06-13 01:00:00,47.568236000000006,-122.308628
70,1938,Seattle-Beacon Hill,pm25,4.3,µg/m³,US,,False,,Governmental Organization,reference grade,2024-06-13 07:00:00+00:00,2024-06-13 00:00:00,47.568236000000006,-122.308628
71,1938,Seattle-Beacon Hill,pm25,6.2,µg/m³,US,,False,,Governmental Organization,reference grade,2024-06-13 06:00:00+00:00,2024-06-12 23:00:00,47.568236000000006,-122.308628
72,1938,Seattle-Beacon Hill,pm25,2.4,µg/m³,US,,False,,Governmental Organization,reference grade,2024-06-13 05:00:00+00:00,2024-06-12 22:00:00,47.568236000000006,-122.308628
73,1938,Seattle-Beacon Hill,pm25,4.0,µg/m³,US,,False,,Governmental Organization,reference grade,2024-06-13 04:00:00+00:00,2024-06-12 21:00:00,47.568236000000006,-122.308628
74,1938,Seattle-Beacon Hill,pm25,1.1,µg/m³,US,,False,,Governmental Organization,reference grade,2024-06-13 03:00:00+00:00,2024-06-12 20:00:00,47.568236000000006,-122.308628
75,1938,Seattle-Beacon Hill,pm25,4.1,µg/m³,US,,False,,Governmental Organization,reference grade,2024-06-13 02:00:00+00:00,2024-06-12 19:00:00,47.568236000000006,-122.308628
76,1938,Seattle-Beacon Hill,pm25,6.7,µg/m³,US,,False,,Governmental Organization,reference grade,2024-06-13 01:00:00+00:00,2024-06-12 18:00:00,47.568236000000006,-122.308628
78,1938,Seattle-Beacon Hill,pm25,0.4,µg/m³,US,,False,,Governmental Organization,reference grade,2024-06-12 23:00:00+00:00,2024-06-12 16:00:00,47.568236000000006,-122.308628
79,1938,Seattle-Beacon Hill,pm25,2.9,µg/m³,US,,False,,Governmental Organization,reference grade,2024-06-12 22:00:00+00:00,2024-06-12 15:00:00,47.568236000000006,-122.308628
81,1938,Seattle-Beacon Hill,pm25,3.9,µg/m³,US,,False,,Governmental Organization,reference grade,2024-06-12 20:00:00+00:00,2024-06-12 13:00:00,47.568236000000006,-122.308628
82,1938,Seattle-Beacon Hill,pm25,4.6,µg/m³,US,,False,,Governmental Organization,reference grade,2024-06-12 19:00:00+00:00,2024-06-12 12:00:00,47.568236000000006,-122.308628
83,1938,Seattle-Beacon Hill,pm25,0.4,µg/m³,US,,False,,Governmental Organization,reference grade,2024-06-12 18:00:00+00:00,2024-06-12 11:00:00,47.568236000000006,-122.308628
84,1938,Seattle-Beacon Hill,pm25,4.4,µg/m³,US,,False,,Governmental Organization,reference grade,2024-06-12 17:00:00+00:00,2024-06-12 10:00:00,47.568236000000006,-122.308628
85,1938,Seattle-Beacon Hill,pm25,1.0,µg/m³,US,,False,,Governmental Organization,reference grade,2024-06-12 16:00:00+00:00,2024-06-12 09:00:00,47.568236000000006,-122.308628
86,1938,Seattle-Beacon Hill,pm25,4.4,µg/m³,US,,False,,Governmental Organization,reference grade,2024-06-12 15:00:00+00:00,2024-06-12 08:00:00,47.568236000000006,-122.308628
87,1938,Seattle-Beacon Hill,pm25,2.2,µg/m³,US,,False,,Governmental Organization,reference grade,2024-06-12 14:00:00+00:00,2024-06-12 07:00:00,47.568236000000006,-122.308628
88,1938,Seattle-Beacon Hill,pm25,1.9,µg/m³,US,,False,,Governmental Organization,reference grade,2024-06-12 13:00:00+00:00,2024-06-12 06:00:00,47.568236000000006,-122.308628
89,1938,Seattle-Beacon Hill,pm25,1.9,µg/m³,US,,False,,Governmental Organization,reference grade,2024-06-12 12:00:00+00:00,2024-06-12 05:00:00,47.568236000000006,-122.308628
90,1938,Seattle-Beacon Hill,pm25,2.7,µg/m³,US,,False,,Governmental Organization,reference grade,2024-06-12 11:00:00+00:00,2024-06-12 04:00:00,47.568236000000006,-122.308628
91,1938,Seattle-Beacon Hill,pm25,0.7,µg/m³,US,,False,,Governmental Organization,reference grade,2024-06-12 10:00:00+00:00,2024-06-12 03:00:00,47.568236000000006,-122.308628
92,1938,Seattle-Beacon Hill,pm25,4.3,µg/m³,US,,False,,Governmental Organization,reference grade,2024-06-12 09:00:00+00:00,2024-06-12 02:00:00,47.568236000000006,-122.308628
93,1938,Seattle-Beacon Hill,pm25,2.7,µg/m³,US,,False,,Governmental Organization,reference grade,2024-06-12 08:00:00+00:00,2024-06-12 01:00:00,47.568236000000006,-122.308628
94,1938,Seattle-Beacon Hill,pm25,1.1,µg/m³,US,,False,,Governmental Organization,reference grade,2024-06-12 07:00:00+00:00,2024-06-12 00:00:00,47.568236000000006,-122.308628
95,1938,Seattle-Beacon Hill,pm25,4.4,µg/m³,US,,False,,Governmental Organization,reference grade,2024-06-12 06:00:00+00:00,2024-06-11 23:00:00,47.568236000000006,-122.308628
97,1938,Seattle-Beacon Hill,pm25,1.9,µg/m³,US,,False,,Governmental Organization,reference grade,2024-06-12 04:00:00+00:00,2024-06-11 21:00:00,47.568236000000006,-122.308628
98,1938,Seattle-Beacon Hill,pm25,5.1,µg/m³,US,,False,,Governmental Organization,reference grade,2024-06-12 03:00:00+00:00,2024-06-11 20:00:00,47.568236000000006,-122.308628
99,1938,Seattle-Beacon Hill,pm25,3.4,µg/m³,US,,False,,Governmental Organization,reference grade,2024-06-12 02:00:00+00:00,2024-06-11 19:00:00,47.568236000000006,-122.308628
100,1938,Seattle-Beacon Hill,pm25,1.7,µg/m³,US,,False,,Governmental Organization,reference grade,2024-06-12 01:00:00+00:00,2024-06-11 18:00:00,47.568236000000006,-122.308628
101,1938,Seattle-Beacon Hill,pm25,0.5,µg/m³,US,,False,,Governmental Organization,reference grade,2024-06-12 00:00:00+00:00,2024-06-11 17:00:00,47.568236000000006,-122.308628
102,1938,Seattle-Beacon Hill,pm25,7.9,µg/m³,US,,False,,Governmental Organization,reference grade,2024-06-11 23:00:00+00:00,2024-06-11 16:00:00,47.568236000000006,-122.308628
103,1938,Seattle-Beacon Hill,pm25,6.8,µg/m³,US,,False,,Governmental Organization,reference grade,2024-06-11 22:00:00+00:00,2024-06-11 15:00:00,47.568236000000006,-122.308628
104,1938,Seattle-Beacon Hill,pm25,2.9,µg/m³,US,,False,,Governmental Organization,reference grade,2024-06-11 21:00:00+00:00,2024-06-11 14:00:00,47.568236000000006,-122.308628
105,1938,Seattle-Beacon Hill,pm25,2.7,µg/m³,US,,False,,Governmental Organization,reference grade,2024-06-11 20:00:00+00:00,2024-06-11 13:00:00,47.568236000000006,-122.308628
106,1938,Seattle-Beacon Hill,pm25,1.6,µg/m³,US,,False,,Governmental Organization,reference grade,2024-06-11 19:00:00+00:00,2024-06-11 12:00:00,47.568236000000006,-122.308628
107,1938,Seattle-Beacon Hill,pm25,4.2,µg/m³,US,,False,,Governmental Organization,reference grade,2024-06-11 18:00:00+00:00,2024-06-11 11:00:00,47.568236000000006,-122.308628
108,1938,Seattle-Beacon Hill,pm25,0.2,µg/m³,US,,False,,Governmental Organization,reference grade,2024-06-11 17:00:00+00:00,2024-06-11 10:00:00,47.568236000000006,-122.308628
109,1938,Seattle-Beacon Hill,pm25,3.5,µg/m³,US,,False,,Governmental Organization,reference grade,2024-06-11 16:00:00+00:00,2024-06-11 09:00:00,47.568236000000006,-122.308628
110,1938,Seattle-Beacon Hill,pm25,2.3,µg/m³,US,,False,,Governmental Organization,reference grade,2024-06-11 15:00:00+00:00,2024-06-11 08:00:00,47.568236000000006,-122.308628
111,1938,Seattle-Beacon Hill,pm25,2.1,µg/m³,US,,False,,Governmental Organization,reference grade,2024-06-11 14:00:00+00:00,2024-06-11 07:00:00,47.568236000000006,-122.308628
112,1938,Seattle-Beacon Hill,pm25,2.6,µg/m³,US,,False,,Governmental Organization,reference grade,2024-06-11 13:00:00+00:00,2024-06-11 06:00:00,47.568236000000006,-122.308628
113,1938,Seattle-Beacon Hill,pm25,4.3,µg/m³,US,,False,,Governmental Organization,reference grade,2024-06-11 12:00:00+00:00,2024-06-11 05:00:00,47.568236000000006,-122.308628
114,1938,Seattle-Beacon Hill,pm25,8.0,µg/m³,US,,False,,Governmental Organization,reference grade,2024-06-11 11:00:00+00:00,2024-06-11 04:00:00,47.568236000000006,-122.308628
115,1938,Seattle-Beacon Hill,pm25,6.9,µg/m³,US,,False,,Governmental Organization,reference grade,2024-06-11 10:00:00+00:00,2024-06-11 03:00:00,47.568236000000006,-122.308628
116,1938,Seattle-Beacon Hill,pm25,8.0,µg/m³,US,,False,,Governmental Organization,reference grade,2024-06-11 09:00:00+00:00,2024-06-11 02:00:00,47.568236000000006,-122.308628
117,1938,Seattle-Beacon Hill,pm25,6.6,µg/m³,US,,False,,Governmental Organization,reference grade,2024-06-11 08:00:00+00:00,2024-06-11 01:00:00,47.568236000000006,-122.308628
118,1938,Seattle-Beacon Hill,pm25,6.4,µg/m³,US,,False,,Governmental Organization,reference grade,2024-06-11 07:00:00+00:00,2024-06-11 00:00:00,47.568236000000006,-122.308628
119,1938,Seattle-Beacon Hill,pm25,3.6,µg/m³,US,,False,,Governmental Organization,reference grade,2024-06-11 06:00:00+00:00,2024-06-10 23:00:00,47.568236000000006,-122.308628
120,1938,Seattle-Beacon Hill,pm25,8.0,µg/m³,US,,False,,Governmental Organization,reference grade,2024-06-11 05:00:00+00:00,2024-06-10 22:00:00,47.568236000000006,-122.308628
121,1938,Seattle-Beacon Hill,pm25,6.1,µg/m³,US,,False,,Governmental Organization,reference grade,2024-06-11 04:00:00+00:00,2024-06-10 21:00:00,47.568236000000006,-122.308628
122,1938,Seattle-Beacon Hill,pm25,9.3,µg/m³,US,,False,,Governmental Organization,reference grade,2024-06-11 03:00:00+00:00,2024-06-10 20:00:00,47.568236000000006,-122.308628
123,1938,Seattle-Beacon Hill,pm25,2.0,µg/m³,US,,False,,Governmental Organization,reference grade,2024-06-11 02:00:00+00:00,2024-06-10 19:00:00,47.568236000000006,-122.308628
124,1938,Seattle-Beacon Hill,pm25,1.8,µg/m³,US,,False,,Governmental Organization,reference grade,2024-06-11 01:00:00+00:00,2024-06-10 18:00:00,47.568236000000006,-122.308628
125,1938,Seattle-Beacon Hill,pm25,3.4,µg/m³,US,,False,,Governmental Organization,reference grade,2024-06-11 00:00:00+00:00,2024-06-10 17:00:00,47.568236000000006,-122.308628
126,1938,Seattle-Beacon Hill,pm25,0.4,µg/m³,US,,False,,Governmental Organization,reference grade,2024-06-10 23:00:00+00:00,2024-06-10 16:00:00,47.568236000000006,-122.308628
129,1938,Seattle-Beacon Hill,pm25,2.2,µg/m³,US,,False,,Governmental Organization,reference grade,2024-06-10 20:00:00+00:00,2024-06-10 13:00:00,47.568236000000006,-122.308628
130,1938,Seattle-Beacon Hill,pm25,2.3,µg/m³,US,,False,,Governmental Organization,reference grade,2024-06-10 19:00:00+00:00,2024-06-10 12:00:00,47.568236000000006,-122.308628
131,1938,Seattle-Beacon Hill,pm25,1.5,µg/m³,US,,False,,Governmental Organization,reference grade,2024-06-10 18:00:00+00:00,2024-06-10 11:00:00,47.568236000000006,-122.308628
132,1938,Seattle-Beacon Hill,pm25,0.6,µg/m³,US,,False,,Governmental Organization,reference grade,2024-06-10 17:00:00+00:00,2024-06-10 10:00:00,47.568236000000006,-122.308628
134,1938,Seattle-Beacon Hill,pm25,7.0,µg/m³,US,,False,,Governmental Organization,reference grade,2024-06-10 15:00:00+00:00,2024-06-10 08:00:00,47.568236000000006,-122.308628
135,1938,Seattle-Beacon Hill,pm25,4.6,µg/m³,US,,False,,Governmental Organization,reference grade,2024-06-10 14:00:00+00:00,2024-06-10 07:00:00,47.568236000000006,-122.308628
137,1938,Seattle-Beacon Hill,pm25,0.2,µg/m³,US,,False,,Governmental Organization,reference grade,2024-06-10 12:00:00+00:00,2024-06-10 05:00:00,47.568236000000006,-122.308628
138,1938,Seattle-Beacon Hill,pm25,1.6,µg/m³,US,,False,,Governmental Organization,reference grade,2024-06-10 11:00:00+00:00,2024-06-10 04:00:00,47.568236000000006,-122.308628
139,1938,Seattle-Beacon Hill,pm25,3.1,µg/m³,US,,False,,Governmental Organization,reference grade,2024-06-10 10:00:00+00:00,2024-06-10 03:00:00,47.568236000000006,-122.308628
140,1938,Seattle-Beacon Hill,pm25,0.7,µg/m³,US,,False,,Governmental Organization,reference grade,2024-06-10 09:00:00+00:00,2024-06-10 02:00:00,47.568236000000006,-122.308628
141,1938,Seattle-Beacon Hill,pm25,1.5,µg/m³,US,,False,,Governmental Organization,reference grade,2024-06-10 08:00:00+00:00,2024-06-10 01:00:00,47.568236000000006,-122.308628
142,1938,Seattle-Beacon Hill,pm25,0.9,µg/m³,US,,False,,Governmental Organization,reference grade,2024-06-10 07:00:00+00:00,2024-06-10 00:00:00,47.568236000000006,-122.308628
143,1938,Seattle-Beacon Hill,pm25,2.0,µg/m³,US,,False,,Governmental Organization,reference grade,2024-06-10 06:00:00+00:00,2024-06-09 23:00:00,47.568236000000006,-122.308628
144,1938,Seattle-Beacon Hill,pm25,3.7,µg/m³,US,,False,,Governmental Organization,reference grade,2024-06-10 05:00:00+00:00,2024-06-09 22:00:00,47.568236000000006,-122.308628
145,1938,Seattle-Beacon Hill,pm25,5.2,µg/m³,US,,False,,Governmental Organization,reference grade,2024-06-10 04:00:00+00:00,2024-06-09 21:00:00,47.568236000000006,-122.308628
146,1938,Seattle-Beacon Hill,pm25,6.7,µg/m³,US,,False,,Governmental Organization,reference grade,2024-06-10 03:00:00+00:00,2024-06-09 20:00:00,47.568236000000006,-122.308628
147,1938,Seattle-Beacon Hill,pm25,9.4,µg/m³,US,,False,,Governmental Organization,reference grade,2024-06-10 02:00:00+00:00,2024-06-09 19:00:00,47.568236000000006,-122.308628
148,1938,Seattle-Beacon Hill,pm25,5.6,µg/m³,US,,False,,Governmental Organization,reference grade,2024-06-10 01:00:00+00:00,2024-06-09 18:00:00,47.568236000000006,-122.308628
149,1938,Seattle-Beacon Hill,pm25,2.9,µg/m³,US,,False,,Governmental Organization,reference grade,2024-06-10 00:00:00+00:00,2024-06-09 17:00:00,47.568236000000006,-122.308628
150,1938,Seattle-Beacon Hill,pm25,5.3,µg/m³,US,,False,,Governmental Organization,reference grade,2024-06-09 23:00:00+00:00,2024-06-09 16:00:00,47.568236000000006,-122.308628
151,1938,Seattle-Beacon Hill,pm25,1.7,µg/m³,US,,False,,Governmental Organization,reference grade,2024-06-09 22:00:00+00:00,2024-06-09 15:00:00,47.568236000000006,-122.308628
152,1938,Seattle-Beacon Hill,pm25,7.3,µg/m³,US,,False,,Governmental Organization,reference grade,2024-06-09 21:00:00+00:00,2024-06-09 14:00:00,47.568236000000006,-122.308628
153,1938,Seattle-Beacon Hill,pm25,2.0,µg/m³,US,,False,,Governmental Organization,reference grade,2024-06-09 20:00:00+00:00,2024-06-09 13:00:00,47.568236000000006,-122.308628
154,1938,Seattle-Beacon Hill,pm25,7.2,µg/m³,US,,False,,Governmental Organization,reference grade,2024-06-09 19:00:00+00:00,2024-06-09 12:00:00,47.568236000000006,-122.308628
155,1938,Seattle-Beacon Hill,pm25,3.7,µg/m³,US,,False,,Governmental Organization,reference grade,2024-06-09 18:00:00+00:00,2024-06-09 11:00:00,47.568236000000006,-122.308628
156,1938,Seattle-Beacon Hill,pm25,0.7,µg/m³,US,,False,,Governmental Organization,reference grade,2024-06-09 17:00:00+00:00,2024-06-09 10:00:00,47.568236000000006,-122.308628
157,1938,Seattle-Beacon Hill,pm25,6.1,µg/m³,US,,False,,Governmental Organization,reference grade,2024-06-09 16:00:00+00:00,2024-06-09 09:00:00,47.568236000000006,-122.308628
158,1938,Seattle-Beacon Hill,pm25,4.6,µg/m³,US,,False,,Governmental Organization,reference grade,2024-06-09 15:00:00+00:00,2024-06-09 08:00:00,47.568236000000006,-122.308628
159,1938,Seattle-Beacon Hill,pm25,2.4,µg/m³,US,,False,,Governmental Organization,reference grade,2024-06-09 14:00:00+00:00,2024-06-09 07:00:00,47.568236000000006,-122.308628
160,1938,Seattle-Beacon Hill,pm25,1.0,µg/m³,US,,False,,Governmental Organization,reference grade,2024-06-09 13:00:00+00:00,2024-06-09 06:00:00,47.568236000000006,-122.308628
161,1938,Seattle-Beacon Hill,pm25,2.9,µg/m³,US,,False,,Governmental Organization,reference grade,2024-06-09 12:00:00+00:00,2024-06-09 05:00:00,47.568236000000006,-122.308628
162,1938,Seattle-Beacon Hill,pm25,7.7,µg/m³,US,,False,,Governmental Organization,reference grade,2024-06-09 11:00:00+00:00,2024-06-09 04:00:00,47.568236000000006,-122.308628
163,1938,Seattle-Beacon Hill,pm25,4.2,µg/m³,US,,False,,Governmental Organization,reference grade,2024-06-09 10:00:00+00:00,2024-06-09 03:00:00,47.568236000000006,-122.308628
164,1938,Seattle-Beacon Hill,pm25,6.7,µg/m³,US,,False,,Governmental Organization,reference grade,2024-06-09 09:00:00+00:00,2024-06-09 02:00:00,47.568236000000006,-122.308628
165,1938,Seattle-Beacon Hill,pm25,8.6,µg/m³,US,,False,,Governmental Organization,reference grade,2024-06-09 08:00:00+00:00,2024-06-09 01:00:00,47.568236000000006,-122.308628
166,1938,Seattle-Beacon Hill,pm25,6.1,µg/m³,US,,False,,Governmental Organization,reference grade,2024-06-09 07:00:00+00:00,2024-06-09 00:00:00,47.568236000000006,-122.308628
167,1938,Seattle-Beacon Hill,pm25,8.1,µg/m³,US,,False,,Governmental Organization,reference grade,2024-06-09 06:00:00+00:00,2024-06-08 23:00:00,47.568236000000006,-122.308628
168,1938,Seattle-Beacon Hill,pm25,11.5,µg/m³,US,,False,,Governmental Organization,reference grade,2024-06-09 05:00:00+00:00,2024-06-08 22:00:00,47.568236000000006,-122.308628
169,1938,Seattle-Beacon Hill,pm25,14.1,µg/m³,US,,False,,Governmental Organization,reference grade,2024-06-09 04:00:00+00:00,2024-06-08 21:00:00,47.568236000000006,-122.308628
170,1938,Seattle-Beacon Hill,pm25,10.9,µg/m³,US,,False,,Governmental Organization,reference grade,2024-06-09 03:00:00+00:00,2024-06-08 20:00:00,47.568236000000006,-122.308628
171,1938,Seattle-Beacon Hill,pm25,9.4,µg/m³,US,,False,,Governmental Organization,reference grade,2024-06-09 02:00:00+00:00,2024-06-08 19:00:00,47.568236000000006,-122.308628
172,1938,Seattle-Beacon Hill,pm25,5.3,µg/m³,US,,False,,Governmental Organization,reference grade,2024-06-09 01:00:00+00:00,2024-06-08 18:00:00,47.568236000000006,-122.308628
173,1938,Seattle-Beacon Hill,pm10,9.0,µg/m³,US,,False,,Governmental Organization,reference grade,2024-06-16 05:00:00+00:00,2024-06-15 22:00:00,47.568236000000006,-122.308628
174,1938,Seattle-Beacon Hill,pm10,11.0,µg/m³,US,,False,,Governmental Organization,reference grade,2024-06-16 04:00:00+00:00,2024-06-15 21:00:00,47.568236000000006,-122.308628
175,1938,Seattle-Beacon Hill,pm10,8.0,µg/m³,US,,False,,Governmental Organization,reference grade,2024-06-16 03:00:00+00:00,2024-06-15 20:00:00,47.568236000000006,-122.308628
176,1938,Seattle-Beacon Hill,pm10,7.0,µg/m³,US,,False,,Governmental Organization,reference grade,2024-06-16 02:00:00+00:00,2024-06-15 19:00:00,47.568236000000006,-122.308628
177,1938,Seattle-Beacon Hill,pm10,8.0,µg/m³,US,,False,,Governmental Organization,reference grade,2024-06-16 01:00:00+00:00,2024-06-15 18:00:00,47.568236000000006,-122.308628
178,1938,Seattle-Beacon Hill,pm10,9.0,µg/m³,US,,False,,Governmental Organization,reference grade,2024-06-16 00:00:00+00:00,2024-06-15 17:00:00,47.568236000000006,-122.308628
179,1938,Seattle-Beacon Hill,pm10,13.0,µg/m³,US,,False,,Governmental Organization,reference grade,2024-06-15 23:00:00+00:00,2024-06-15 16:00:00,47.568236000000006,-122.308628
180,1938,Seattle-Beacon Hill,pm10,6.0,µg/m³,US,,False,,Governmental Organization,reference grade,2024-06-15 22:00:00+00:00,2024-06-15 15:00:00,47.568236000000006,-122.308628
181,1938,Seattle-Beacon Hill,pm10,6.0,µg/m³,US,,False,,Governmental Organization,reference grade,2024-06-15 21:00:00+00:00,2024-06-15 14:00:00,47.568236000000006,-122.308628
182,1938,Seattle-Beacon Hill,pm10,8.0,µg/m³,US,,False,,Governmental Organization,reference grade,2024-06-15 20:00:00+00:00,2024-06-15 13:00:00,47.568236000000006,-122.308628
183,1938,Seattle-Beacon Hill,pm10,7.0,µg/m³,US,,False,,Governmental Organization,reference grade,2024-06-15 19:00:00+00:00,2024-06-15 12:00:00,47.568236000000006,-122.308628
184,1938,Seattle-Beacon Hill,pm10,8.0,µg/m³,US,,False,,Governmental Organization,reference grade,2024-06-15 18:00:00+00:00,2024-06-15 11:00:00,47.568236000000006,-122.308628
185,1938,Seattle-Beacon Hill,pm10,5.0,µg/m³,US,,False,,Governmental Organization,reference grade,2024-06-15 17:00:00+00:00,2024-06-15 10:00:00,47.568236000000006,-122.308628
186,1938,Seattle-Beacon Hill,pm10,7.0,µg/m³,US,,False,,Governmental Organization,reference grade,2024-06-15 16:00:00+00:00,2024-06-15 09:00:00,47.568236000000006,-122.308628
187,1938,Seattle-Beacon Hill,pm10,5.0,µg/m³,US,,False,,Governmental Organization,reference grade,2024-06-15 15:00:00+00:00,2024-06-15 08:00:00,47.568236000000006,-122.308628
188,1938,Seattle-Beacon Hill,pm10,6.0,µg/m³,US,,False,,Governmental Organization,reference grade,2024-06-15 14:00:00+00:00,2024-06-15 07:00:00,47.568236000000006,-122.308628
189,1938,Seattle-Beacon Hill,pm10,11.0,µg/m³,US,,False,,Governmental Organization,reference grade,2024-06-15 13:00:00+00:00,2024-06-15 06:00:00,47.568236000000006,-122.308628
190,1938,Seattle-Beacon Hill,pm10,8.0,µg/m³,US,,False,,Governmental Organization,reference grade,2024-06-15 12:00:00+00:00,2024-06-15 05:00:00,47.568236000000006,-122.308628
191,1938,Seattle-Beacon Hill,pm10,10.0,µg/m³,US,,False,,Governmental Organization,reference grade,2024-06-15 11:00:00+00:00,2024-06-15 04:00:00,47.568236000000006,-122.308628
192,1938,Seattle-Beacon Hill,pm10,11.0,µg/m³,US,,False,,Governmental Organization,reference grade,2024-06-15 10:00:00+00:00,2024-06-15 03:00:00,47.568236000000006,-122.308628
193,1938,Seattle-Beacon Hill,pm10,11.0,µg/m³,US,,False,,Governmental Organization,reference grade,2024-06-15 09:00:00+00:00,2024-06-15 02:00:00,47.568236000000006,-122.308628
194,1938,Seattle-Beacon Hill,pm10,12.0,µg/m³,US,,False,,Governmental Organization,reference grade,2024-06-15 08:00:00+00:00,2024-06-15 01:00:00,47.568236000000006,-122.308628
195,1938,Seattle-Beacon Hill,pm10,11.0,µg/m³,US,,False,,Governmental Organization,reference grade,2024-06-15 07:00:00+00:00,2024-06-15 00:00:00,47.568236000000006,-122.308628
196,1938,Seattle-Beacon Hill,pm10,10.0,µg/m³,US,,False,,Governmental Organization,reference grade,2024-06-15 06:00:00+00:00,2024-06-14 23:00:00,47.568236000000006,-122.308628
197,1938,Seattle-Beacon Hill,pm10,10.0,µg/m³,US,,False,,Governmental Organization,reference grade,2024-06-15 05:00:00+00:00,2024-06-14 22:00:00,47.568236000000006,-122.308628
198,1938,Seattle-Beacon Hill,pm10,9.0,µg/m³,US,,False,,Governmental Organization,reference grade,2024-06-15 04:00:00+00:00,2024-06-14 21:00:00,47.568236000000006,-122.308628
199,1938,Seattle-Beacon Hill,pm10,11.0,µg/m³,US,,False,,Governmental Organization,reference grade,2024-06-15 03:00:00+00:00,2024-06-14 20:00:00,47.568236000000006,-122.308628
200,1938,Seattle-Beacon Hill,pm10,9.0,µg/m³,US,,False,,Governmental Organization,reference grade,2024-06-15 02:00:00+00:00,2024-06-14 19:00:00,47.568236000000006,-122.308628
201,1938,Seattle-Beacon Hill,pm10,9.0,µg/m³,US,,False,,Governmental Organization,reference grade,2024-06-15 01:00:00+00:00,2024-06-14 18:00:00,47.568236000000006,-122.308628
202,1938,Seattle-Beacon Hill,pm10,13.0,µg/m³,US,,False,,Governmental Organization,reference grade,2024-06-15 00:00:00+00:00,2024-06-14 17:00:00,47.568236000000006,-122.308628
203,1938,Seattle-Beacon Hill,pm10,10.0,µg/m³,US,,False,,Governmental Organization,reference grade,2024-06-14 23:00:00+00:00,2024-06-14 16:00:00,47.568236000000006,-122.308628
204,1938,Seattle-Beacon Hill,pm10,13.0,µg/m³,US,,False,,Governmental Organization,reference grade,2024-06-14 22:00:00+00:00,2024-06-14 15:00:00,47.568236000000006,-122.308628
205,1938,Seattle-Beacon Hill,pm10,9.0,µg/m³,US,,False,,Governmental Organization,reference grade,2024-06-14 21:00:00+00:00,2024-06-14 14:00:00,47.568236000000006,-122.308628
206,1938,Seattle-Beacon Hill,pm10,19.0,µg/m³,US,,False,,Governmental Organization,reference grade,2024-06-14 20:00:00+00:00,2024-06-14 13:00:00,47.568236000000006,-122.308628
207,1938,Seattle-Beacon Hill,pm10,15.0,µg/m³,US,,False,,Governmental Organization,reference grade,2024-06-14 19:00:00+00:00,2024-06-14 12:00:00,47.568236000000006,-122.308628
208,1938,Seattle-Beacon Hill,pm10,15.0,µg/m³,US,,False,,Governmental Organization,reference grade,2024-06-14 18:00:00+00:00,2024-06-14 11:00:00,47.568236000000006,-122.308628
209,1938,Seattle-Beacon Hill,pm10,15.0,µg/m³,US,,False,,Governmental Organization,reference grade,2024-06-14 17:00:00+00:00,2024-06-14 10:00:00,47.568236000000006,-122.308628
210,1938,Seattle-Beacon Hill,pm10,14.0,µg/m³,US,,False,,Governmental Organization,reference grade,2024-06-14 16:00:00+00:00,2024-06-14 09:00:00,47.568236000000006,-122.308628
211,1938,Seattle-Beacon Hill,pm10,14.0,µg/m³,US,,False,,Governmental Organization,reference grade,2024-06-14 15:00:00+00:00,2024-06-14 08:00:00,47.568236000000006,-122.308628
212,1938,Seattle-Beacon Hill,pm10,13.0,µg/m³,US,,False,,Governmental Organization,reference grade,2024-06-14 14:00:00+00:00,2024-06-14 07:00:00,47.568236000000006,-122.308628
213,1938,Seattle-Beacon Hill,pm10,11.0,µg/m³,US,,False,,Governmental Organization,reference grade,2024-06-14 13:00:00+00:00,2024-06-14 06:00:00,47.568236000000006,-122.308628
214,1938,Seattle-Beacon Hill,pm10,9.0,µg/m³,US,,False,,Governmental Organization,reference grade,2024-06-14 12:00:00+00:00,2024-06-14 05:00:00,47.568236000000006,-122.308628
215,1938,Seattle-Beacon Hill,pm10,11.0,µg/m³,US,,False,,Governmental Organization,reference grade,2024-06-14 11:00:00+00:00,2024-06-14 04:00:00,47.568236000000006,-122.308628
216,1938,Seattle-Beacon Hill,pm10,10.0,µg/m³,US,,False,,Governmental Organization,reference grade,2024-06-14 10:00:00+00:00,2024-06-14 03:00:00,47.568236000000006,-122.308628
217,1938,Seattle-Beacon Hill,pm10,11.0,µg/m³,US,,False,,Governmental Organization,reference grade,2024-06-14 09:00:00+00:00,2024-06-14 02:00:00,47.568236000000006,-122.308628
218,1938,Seattle-Beacon Hill,pm10,10.0,µg/m³,US,,False,,Governmental Organization,reference grade,2024-06-14 08:00:00+00:00,2024-06-14 01:00:00,47.568236000000006,-122.308628
219,1938,Seattle-Beacon Hill,pm10,14.0,µg/m³,US,,False,,Governmental Organization,reference grade,2024-06-14 07:00:00+00:00,2024-06-14 00:00:00,47.568236000000006,-122.308628
220,1938,Seattle-Beacon Hill,pm10,16.0,µg/m³,US,,False,,Governmental Organization,reference grade,2024-06-14 06:00:00+00:00,2024-06-13 23:00:00,47.568236000000006,-122.308628
221,1938,Seattle-Beacon Hill,pm10,13.0,µg/m³,US,,False,,Governmental Organization,reference grade,2024-06-14 05:00:00+00:00,2024-06-13 22:00:00,47.568236000000006,-122.308628
222,1938,Seattle-Beacon Hill,pm10,17.0,µg/m³,US,,False,,Governmental Organization,reference grade,2024-06-14 04:00:00+00:00,2024-06-13 21:00:00,47.568236000000006,-122.308628
223,1938,Seattle-Beacon Hill,pm10,11.0,µg/m³,US,,False,,Governmental Organization,reference grade,2024-06-14 03:00:00+00:00,2024-06-13 20:00:00,47.568236000000006,-122.308628
224,1938,Seattle-Beacon Hill,pm10,12.0,µg/m³,US,,False,,Governmental Organization,reference grade,2024-06-14 02:00:00+00:00,2024-06-13 19:00:00,47.568236000000006,-122.308628
225,1938,Seattle-Beacon Hill,pm10,9.0,µg/m³,US,,False,,Governmental Organization,reference grade,2024-06-14 01:00:00+00:00,2024-06-13 18:00:00,47.568236000000006,-122.308628
226,1938,Seattle-Beacon Hill,pm10,11.0,µg/m³,US,,False,,Governmental Organization,reference grade,2024-06-14 00:00:00+00:00,2024-06-13 17:00:00,47.568236000000006,-122.308628
227,1938,Seattle-Beacon Hill,pm10,8.0,µg/m³,US,,False,,Governmental Organization,reference grade,2024-06-13 23:00:00+00:00,2024-06-13 16:00:00,47.568236000000006,-122.308628
228,1938,Seattle-Beacon Hill,pm10,11.0,µg/m³,US,,False,,Governmental Organization,reference grade,2024-06-13 22:00:00+00:00,2024-06-13 15:00:00,47.568236000000006,-122.308628
229,1938,Seattle-Beacon Hill,pm10,10.0,µg/m³,US,,False,,Governmental Organization,reference grade,2024-06-13 21:00:00+00:00,2024-06-13 14:00:00,47.568236000000006,-122.308628
230,1938,Seattle-Beacon Hill,pm10,12.0,µg/m³,US,,False,,Governmental Organization,reference grade,2024-06-13 20:00:00+00:00,2024-06-13 13:00:00,47.568236000000006,-122.308628
231,1938,Seattle-Beacon Hill,pm10,12.0,µg/m³,US,,False,,Governmental Organization,reference grade,2024-06-13 19:00:00+00:00,2024-06-13 12:00:00,47.568236000000006,-122.308628
232,1938,Seattle-Beacon Hill,pm10,12.0,µg/m³,US,,False,,Governmental Organization,reference grade,2024-06-13 18:00:00+00:00,2024-06-13 11:00:00,47.568236000000006,-122.308628
233,1938,Seattle-Beacon Hill,pm10,20.0,µg/m³,US,,False,,Governmental Organization,reference grade,2024-06-13 17:00:00+00:00,2024-06-13 10:00:00,47.568236000000006,-122.308628
234,1938,Seattle-Beacon Hill,pm10,16.0,µg/m³,US,,False,,Governmental Organization,reference grade,2024-06-13 16:00:00+00:00,2024-06-13 09:00:00,47.568236000000006,-122.308628
235,1938,Seattle-Beacon Hill,pm10,16.0,µg/m³,US,,False,,Governmental Organization,reference grade,2024-06-13 15:00:00+00:00,2024-06-13 08:00:00,47.568236000000006,-122.308628
236,1938,Seattle-Beacon Hill,pm10,15.0,µg/m³,US,,False,,Governmental Organization,reference grade,2024-06-13 14:00:00+00:00,2024-06-13 07:00:00,47.568236000000006,-122.308628
237,1938,Seattle-Beacon Hill,pm10,18.0,µg/m³,US,,False,,Governmental Organization,reference grade,2024-06-13 13:00:00+00:00,2024-06-13 06:00:00,47.568236000000006,-122.308628
238,1938,Seattle-Beacon Hill,pm10,15.0,µg/m³,US,,False,,Governmental Organization,reference grade,2024-06-13 12:00:00+00:00,2024-06-13 05:00:00,47.568236000000006,-122.308628
239,1938,Seattle-Beacon Hill,pm10,16.0,µg/m³,US,,False,,Governmental Organization,reference grade,2024-06-13 11:00:00+00:00,2024-06-13 04:00:00,47.568236000000006,-122.308628
240,1938,Seattle-Beacon Hill,pm10,14.0,µg/m³,US,,False,,Governmental Organization,reference grade,2024-06-13 10:00:00+00:00,2024-06-13 03:00:00,47.568236000000006,-122.308628
241,1938,Seattle-Beacon Hill,pm10,13.0,µg/m³,US,,False,,Governmental Organization,reference grade,2024-06-13 09:00:00+00:00,2024-06-13 02:00:00,47.568236000000006,-122.308628
242,1938,Seattle-Beacon Hill,pm10,17.0,µg/m³,US,,False,,Governmental Organization,reference grade,2024-06-13 08:00:00+00:00,2024-06-13 01:00:00,47.568236000000006,-122.308628
243,1938,Seattle-Beacon Hill,pm10,15.0,µg/m³,US,,False,,Governmental Organization,reference grade,2024-06-13 07:00:00+00:00,2024-06-13 00:00:00,47.568236000000006,-122.308628
244,1938,Seattle-Beacon Hill,pm10,13.0,µg/m³,US,,False,,Governmental Organization,reference grade,2024-06-13 06:00:00+00:00,2024-06-12 23:00:00,47.568236000000006,-122.308628
245,1938,Seattle-Beacon Hill,pm10,12.0,µg/m³,US,,False,,Governmental Organization,reference grade,2024-06-13 05:00:00+00:00,2024-06-12 22:00:00,47.568236000000006,-122.308628
246,1938,Seattle-Beacon Hill,pm10,16.0,µg/m³,US,,False,,Governmental Organization,reference grade,2024-06-13 04:00:00+00:00,2024-06-12 21:00:00,47.568236000000006,-122.308628
247,1938,Seattle-Beacon Hill,pm10,11.0,µg/m³,US,,False,,Governmental Organization,reference grade,2024-06-13 03:00:00+00:00,2024-06-12 20:00:00,47.568236000000006,-122.308628
248,1938,Seattle-Beacon Hill,pm10,7.0,µg/m³,US,,False,,Governmental Organization,reference grade,2024-06-13 02:00:00+00:00,2024-06-12 19:00:00,47.568236000000006,-122.308628
249,1938,Seattle-Beacon Hill,pm10,7.0,µg/m³,US,,False,,Governmental Organization,reference grade,2024-06-13 01:00:00+00:00,2024-06-12 18:00:00,47.568236000000006,-122.308628
250,1938,Seattle-Beacon Hill,pm10,9.0,µg/m³,US,,False,,Governmental Organization,reference grade,2024-06-13 00:00:00+00:00,2024-06-12 17:00:00,47.568236000000006,-122.308628
251,1938,Seattle-Beacon Hill,pm10,13.0,µg/m³,US,,False,,Governmental Organization,reference grade,2024-06-12 23:00:00+00:00,2024-06-12 16:00:00,47.568236000000006,-122.308628
252,1938,Seattle-Beacon Hill,pm10,9.0,µg/m³,US,,False,,Governmental Organization,reference grade,2024-06-12 22:00:00+00:00,2024-06-12 15:00:00,47.568236000000006,-122.308628
253,1938,Seattle-Beacon Hill,pm10,9.0,µg/m³,US,,False,,Governmental Organization,reference grade,2024-06-12 21:00:00+00:00,2024-06-12 14:00:00,47.568236000000006,-122.308628
254,1938,Seattle-Beacon Hill,pm10,13.0,µg/m³,US,,False,,Governmental Organization,reference grade,2024-06-12 20:00:00+00:00,2024-06-12 13:00:00,47.568236000000006,-122.308628
255,1938,Seattle-Beacon Hill,pm10,13.0,µg/m³,US,,False,,Governmental Organization,reference grade,2024-06-12 19:00:00+00:00,2024-06-12 12:00:00,47.568236000000006,-122.308628
256,1938,Seattle-Beacon Hill,pm10,11.0,µg/m³,US,,False,,Governmental Organization,reference grade,2024-06-12 18:00:00+00:00,2024-06-12 11:00:00,47.568236000000006,-122.308628
257,1938,Seattle-Beacon Hill,pm10,12.0,µg/m³,US,,False,,Governmental Organization,reference grade,2024-06-12 17:00:00+00:00,2024-06-12 10:00:00,47.568236000000006,-122.308628
258,1938,Seattle-Beacon Hill,pm10,13.0,µg/m³,US,,False,,Governmental Organization,reference grade,2024-06-12 16:00:00+00:00,2024-06-12 09:00:00,47.568236000000006,-122.308628
259,1938,Seattle-Beacon Hill,pm10,13.0,µg/m³,US,,False,,Governmental Organization,reference grade,2024-06-12 15:00:00+00:00,2024-06-12 08:00:00,47.568236000000006,-122.308628
260,1938,Seattle-Beacon Hill,pm10,14.0,µg/m³,US,,False,,Governmental Organization,reference grade,2024-06-12 14:00:00+00:00,2024-06-12 07:00:00,47.568236000000006,-122.308628
261,1938,Seattle-Beacon Hill,pm10,14.0,µg/m³,US,,False,,Governmental Organization,reference grade,2024-06-12 13:00:00+00:00,2024-06-12 06:00:00,47.568236000000006,-122.308628
262,1938,Seattle-Beacon Hill,pm10,16.0,µg/m³,US,,False,,Governmental Organization,reference grade,2024-06-12 12:00:00+00:00,2024-06-12 05:00:00,47.568236000000006,-122.308628
263,1938,Seattle-Beacon Hill,pm10,14.0,µg/m³,US,,False,,Governmental Organization,reference grade,2024-06-12 11:00:00+00:00,2024-06-12 04:00:00,47.568236000000006,-122.308628
264,1938,Seattle-Beacon Hill,pm10,14.0,µg/m³,US,,False,,Governmental Organization,reference grade,2024-06-12 10:00:00+00:00,2024-06-12 03:00:00,47.568236000000006,-122.308628
265,1938,Seattle-Beacon Hill,pm10,10.0,µg/m³,US,,False,,Governmental Organization,reference grade,2024-06-12 09:00:00+00:00,2024-06-12 02:00:00,47.568236000000006,-122.308628
266,1938,Seattle-Beacon Hill,pm10,10.0,µg/m³,US,,False,,Governmental Organization,reference grade,2024-06-12 08:00:00+00:00,2024-06-12 01:00:00,47.568236000000006,-122.308628
267,1938,Seattle-Beacon Hill,pm10,12.0,µg/m³,US,,False,,Governmental Organization,reference grade,2024-06-12 07:00:00+00:00,2024-06-12 00:00:00,47.568236000000006,-122.308628
268,1938,Seattle-Beacon Hill,pm10,10.0,µg/m³,US,,False,,Governmental Organization,reference grade,2024-06-12 06:00:00+00:00,2024-06-11 23:00:00,47.568236000000006,-122.308628
269,1938,Seattle-Beacon Hill,pm10,14.0,µg/m³,US,,False,,Governmental Organization,reference grade,2024-06-12 05:00:00+00:00,2024-06-11 22:00:00,47.568236000000006,-122.308628
270,1938,Seattle-Beacon Hill,pm10,13.0,µg/m³,US,,False,,Governmental Organization,reference grade,2024-06-12 04:00:00+00:00,2024-06-11 21:00:00,47.568236000000006,-122.308628
271,1938,Seattle-Beacon Hill,pm10,17.0,µg/m³,US,,False,,Governmental Organization,reference grade,2024-06-12 03:00:00+00:00,2024-06-11 20:00:00,47.568236000000006,-122.308628
272,1938,Seattle-Beacon Hill,pm10,14.0,µg/m³,US,,False,,Governmental Organization,reference grade,2024-06-12 02:00:00+00:00,2024-06-11 19:00:00,47.568236000000006,-122.308628
273,1938,Seattle-Beacon Hill,pm10,12.0,µg/m³,US,,False,,Governmental Organization,reference grade,2024-06-12 01:00:00+00:00,2024-06-11 18:00:00,47.568236000000006,-122.308628
274,1938,Seattle-Beacon Hill,pm10,9.0,µg/m³,US,,False,,Governmental Organization,reference grade,2024-06-12 00:00:00+00:00,2024-06-11 17:00:00,47.568236000000006,-122.308628
275,1938,Seattle-Beacon Hill,pm10,10.0,µg/m³,US,,False,,Governmental Organization,reference grade,2024-06-11 23:00:00+00:00,2024-06-11 16:00:00,47.568236000000006,-122.308628
276,1938,Seattle-Beacon Hill,pm10,18.0,µg/m³,US,,False,,Governmental Organization,reference grade,2024-06-11 22:00:00+00:00,2024-06-11 15:00:00,47.568236000000006,-122.308628
277,1938,Seattle-Beacon Hill,pm10,38.0,µg/m³,US,,False,,Governmental Organization,reference grade,2024-06-11 21:00:00+00:00,2024-06-11 14:00:00,47.568236000000006,-122.308628
278,1938,Seattle-Beacon Hill,pm10,38.0,µg/m³,US,,False,,Governmental Organization,reference grade,2024-06-11 20:00:00+00:00,2024-06-11 13:00:00,47.568236000000006,-122.308628
279,1938,Seattle-Beacon Hill,pm10,15.0,µg/m³,US,,False,,Governmental Organization,reference grade,2024-06-11 19:00:00+00:00,2024-06-11 12:00:00,47.568236000000006,-122.308628
280,1938,Seattle-Beacon Hill,pm10,13.0,µg/m³,US,,False,,Governmental Organization,reference grade,2024-06-11 18:00:00+00:00,2024-06-11 11:00:00,47.568236000000006,-122.308628
281,1938,Seattle-Beacon Hill,pm10,15.0,µg/m³,US,,False,,Governmental Organization,reference grade,2024-06-11 17:00:00+00:00,2024-06-11 10:00:00,47.568236000000006,-122.308628
282,1938,Seattle-Beacon Hill,pm10,11.0,µg/m³,US,,False,,Governmental Organization,reference grade,2024-06-11 16:00:00+00:00,2024-06-11 09:00:00,47.568236000000006,-122.308628
283,1938,Seattle-Beacon Hill,pm10,14.0,µg/m³,US,,False,,Governmental Organization,reference grade,2024-06-11 15:00:00+00:00,2024-06-11 08:00:00,47.568236000000006,-122.308628
284,1938,Seattle-Beacon Hill,pm10,20.0,µg/m³,US,,False,,Governmental Organization,reference grade,2024-06-11 14:00:00+00:00,2024-06-11 07:00:00,47.568236000000006,-122.308628
285,1938,Seattle-Beacon Hill,pm10,11.0,µg/m³,US,,False,,Governmental Organization,reference grade,2024-06-11 13:00:00+00:00,2024-06-11 06:00:00,47.568236000000006,-122.308628
286,1938,Seattle-Beacon Hill,pm10,14.0,µg/m³,US,,False,,Governmental Organization,reference grade,2024-06-11 12:00:00+00:00,2024-06-11 05:00:00,47.568236000000006,-122.308628
287,1938,Seattle-Beacon Hill,pm10,18.0,µg/m³,US,,False,,Governmental Organization,reference grade,2024-06-11 11:00:00+00:00,2024-06-11 04:00:00,47.568236000000006,-122.308628
288,1938,Seattle-Beacon Hill,pm10,19.0,µg/m³,US,,False,,Governmental Organization,reference grade,2024-06-11 10:00:00+00:00,2024-06-11 03:00:00,47.568236000000006,-122.308628
289,1938,Seattle-Beacon Hill,pm10,20.0,µg/m³,US,,False,,Governmental Organization,reference grade,2024-06-11 09:00:00+00:00,2024-06-11 02:00:00,47.568236000000006,-122.308628
290,1938,Seattle-Beacon Hill,pm10,15.0,µg/m³,US,,False,,Governmental Organization,reference grade,2024-06-11 08:00:00+00:00,2024-06-11 01:00:00,47.568236000000006,-122.308628
291,1938,Seattle-Beacon Hill,pm10,16.0,µg/m³,US,,False,,Governmental Organization,reference grade,2024-06-11 07:00:00+00:00,2024-06-11 00:00:00,47.568236000000006,-122.308628
292,1938,Seattle-Beacon Hill,pm10,12.0,µg/m³,US,,False,,Governmental Organization,reference grade,2024-06-11 06:00:00+00:00,2024-06-10 23:00:00,47.568236000000006,-122.308628
293,1938,Seattle-Beacon Hill,pm10,14.0,µg/m³,US,,False,,Governmental Organization,reference grade,2024-06-11 05:00:00+00:00,2024-06-10 22:00:00,47.568236000000006,-122.308628
294,1938,Seattle-Beacon Hill,pm10,11.0,µg/m³,US,,False,,Governmental Organization,reference grade,2024-06-11 04:00:00+00:00,2024-06-10 21:00:00,47.568236000000006,-122.308628
295,1938,Seattle-Beacon Hill,pm10,20.0,µg/m³,US,,False,,Governmental Organization,reference grade,2024-06-11 03:00:00+00:00,2024-06-10 20:00:00,47.568236000000006,-122.308628
296,1938,Seattle-Beacon Hill,pm10,18.0,µg/m³,US,,False,,Governmental Organization,reference grade,2024-06-11 02:00:00+00:00,2024-06-10 19:00:00,47.568236000000006,-122.308628
297,1938,Seattle-Beacon Hill,pm10,12.0,µg/m³,US,,False,,Governmental Organization,reference grade,2024-06-11 01:00:00+00:00,2024-06-10 18:00:00,47.568236000000006,-122.308628
298,1938,Seattle-Beacon Hill,pm10,11.0,µg/m³,US,,False,,Governmental Organization,reference grade,2024-06-11 00:00:00+00:00,2024-06-10 17:00:00,47.568236000000006,-122.308628
299,1938,Seattle-Beacon Hill,pm10,15.0,µg/m³,US,,False,,Governmental Organization,reference grade,2024-06-10 23:00:00+00:00,2024-06-10 16:00:00,47.568236000000006,-122.308628
300,1938,Seattle-Beacon Hill,pm10,13.0,µg/m³,US,,False,,Governmental Organization,reference grade,2024-06-10 22:00:00+00:00,2024-06-10 15:00:00,47.568236000000006,-122.308628
301,1938,Seattle-Beacon Hill,pm10,9.0,µg/m³,US,,False,,Governmental Organization,reference grade,2024-06-10 21:00:00+00:00,2024-06-10 14:00:00,47.568236000000006,-122.308628
302,1938,Seattle-Beacon Hill,pm10,15.0,µg/m³,US,,False,,Governmental Organization,reference grade,2024-06-10 20:00:00+00:00,2024-06-10 13:00:00,47.568236000000006,-122.308628
303,1938,Seattle-Beacon Hill,pm10,13.0,µg/m³,US,,False,,Governmental Organization,reference grade,2024-06-10 19:00:00+00:00,2024-06-10 12:00:00,47.568236000000006,-122.308628
304,1938,Seattle-Beacon Hill,pm10,12.0,µg/m³,US,,False,,Governmental Organization,reference grade,2024-06-10 18:00:00+00:00,2024-06-10 11:00:00,47.568236000000006,-122.308628
305,1938,Seattle-Beacon Hill,pm10,8.0,µg/m³,US,,False,,Governmental Organization,reference grade,2024-06-10 17:00:00+00:00,2024-06-10 10:00:00,47.568236000000006,-122.308628
306,1938,Seattle-Beacon Hill,pm10,11.0,µg/m³,US,,False,,Governmental Organization,reference grade,2024-06-10 16:00:00+00:00,2024-06-10 09:00:00,47.568236000000006,-122.308628
307,1938,Seattle-Beacon Hill,pm10,10.0,µg/m³,US,,False,,Governmental Organization,reference grade,2024-06-10 15:00:00+00:00,2024-06-10 08:00:00,47.568236000000006,-122.308628
308,1938,Seattle-Beacon Hill,pm10,9.0,µg/m³,US,,False,,Governmental Organization,reference grade,2024-06-10 14:00:00+00:00,2024-06-10 07:00:00,47.568236000000006,-122.308628
309,1938,Seattle-Beacon Hill,pm10,8.0,µg/m³,US,,False,,Governmental Organization,reference grade,2024-06-10 13:00:00+00:00,2024-06-10 06:00:00,47.568236000000006,-122.308628
310,1938,Seattle-Beacon Hill,pm10,8.0,µg/m³,US,,False,,Governmental Organization,reference grade,2024-06-10 12:00:00+00:00,2024-06-10 05:00:00,47.568236000000006,-122.308628
311,1938,Seattle-Beacon Hill,pm10,7.0,µg/m³,US,,False,,Governmental Organization,reference grade,2024-06-10 11:00:00+00:00,2024-06-10 04:00:00,47.568236000000006,-122.308628
312,1938,Seattle-Beacon Hill,pm10,8.0,µg/m³,US,,False,,Governmental Organization,reference grade,2024-06-10 10:00:00+00:00,2024-06-10 03:00:00,47.568236000000006,-122.308628
313,1938,Seattle-Beacon Hill,pm10,11.0,µg/m³,US,,False,,Governmental Organization,reference grade,2024-06-10 09:00:00+00:00,2024-06-10 02:00:00,47.568236000000006,-122.308628
314,1938,Seattle-Beacon Hill,pm10,9.0,µg/m³,US,,False,,Governmental Organization,reference grade,2024-06-10 08:00:00+00:00,2024-06-10 01:00:00,47.568236000000006,-122.308628
315,1938,Seattle-Beacon Hill,pm10,13.0,µg/m³,US,,False,,Governmental Organization,reference grade,2024-06-10 07:00:00+00:00,2024-06-10 00:00:00,47.568236000000006,-122.308628
316,1938,Seattle-Beacon Hill,pm10,13.0,µg/m³,US,,False,,Governmental Organization,reference grade,2024-06-10 06:00:00+00:00,2024-06-09 23:00:00,47.568236000000006,-122.308628
317,1938,Seattle-Beacon Hill,pm10,16.0,µg/m³,US,,False,,Governmental Organization,reference grade,2024-06-10 05:00:00+00:00,2024-06-09 22:00:00,47.568236000000006,-122.308628
318,1938,Seattle-Beacon Hill,pm10,14.0,µg/m³,US,,False,,Governmental Organization,reference grade,2024-06-10 04:00:00+00:00,2024-06-09 21:00:00,47.568236000000006,-122.308628
319,1938,Seattle-Beacon Hill,pm10,16.0,µg/m³,US,,False,,Governmental Organization,reference grade,2024-06-10 03:00:00+00:00,2024-06-09 20:00:00,47.568236000000006,-122.308628
320,1938,Seattle-Beacon Hill,pm10,14.0,µg/m³,US,,False,,Governmental Organization,reference grade,2024-06-10 02:00:00+00:00,2024-06-09 19:00:00,47.568236000000006,-122.308628
321,1938,Seattle-Beacon Hill,pm10,13.0,µg/m³,US,,False,,Governmental Organization,reference grade,2024-06-10 01:00:00+00:00,2024-06-09 18:00:00,47.568236000000006,-122.308628
322,1938,Seattle-Beacon Hill,pm10,17.0,µg/m³,US,,False,,Governmental Organization,reference grade,2024-06-10 00:00:00+00:00,2024-06-09 17:00:00,47.568236000000006,-122.308628
323,1938,Seattle-Beacon Hill,pm10,14.0,µg/m³,US,,False,,Governmental Organization,reference grade,2024-06-09 23:00:00+00:00,2024-06-09 16:00:00,47.568236000000006,-122.308628
324,1938,Seattle-Beacon Hill,pm10,16.0,µg/m³,US,,False,,Governmental Organization,reference grade,2024-06-09 22:00:00+00:00,2024-06-09 15:00:00,47.568236000000006,-122.308628
325,1938,Seattle-Beacon Hill,pm10,17.0,µg/m³,US,,False,,Governmental Organization,reference grade,2024-06-09 21:00:00+00:00,2024-06-09 14:00:00,47.568236000000006,-122.308628
326,1938,Seattle-Beacon Hill,pm10,16.0,µg/m³,US,,False,,Governmental Organization,reference grade,2024-06-09 20:00:00+00:00,2024-06-09 13:00:00,47.568236000000006,-122.308628
327,1938,Seattle-Beacon Hill,pm10,17.0,µg/m³,US,,False,,Governmental Organization,reference grade,2024-06-09 19:00:00+00:00,2024-06-09 12:00:00,47.568236000000006,-122.308628
328,1938,Seattle-Beacon Hill,pm10,13.0,µg/m³,US,,False,,Governmental Organization,reference grade,2024-06-09 18:00:00+00:00,2024-06-09 11:00:00,47.568236000000006,-122.308628
329,1938,Seattle-Beacon Hill,pm10,15.0,µg/m³,US,,False,,Governmental Organization,reference grade,2024-06-09 17:00:00+00:00,2024-06-09 10:00:00,47.568236000000006,-122.308628
330,1938,Seattle-Beacon Hill,pm10,14.0,µg/m³,US,,False,,Governmental Organization,reference grade,2024-06-09 16:00:00+00:00,2024-06-09 09:00:00,47.568236000000006,-122.308628
331,1938,Seattle-Beacon Hill,pm10,14.0,µg/m³,US,,False,,Governmental Organization,reference grade,2024-06-09 15:00:00+00:00,2024-06-09 08:00:00,47.568236000000006,-122.308628
332,1938,Seattle-Beacon Hill,pm10,17.0,µg/m³,US,,False,,Governmental Organization,reference grade,2024-06-09 14:00:00+00:00,2024-06-09 07:00:00,47.568236000000006,-122.308628
333,1938,Seattle-Beacon Hill,pm10,13.0,µg/m³,US,,False,,Governmental Organization,reference grade,2024-06-09 13:00:00+00:00,2024-06-09 06:00:00,47.568236000000006,-122.308628
334,1938,Seattle-Beacon Hill,pm10,10.0,µg/m³,US,,False,,Governmental Organization,reference grade,2024-06-09 12:00:00+00:00,2024-06-09 05:00:00,47.568236000000006,-122.308628
335,1938,Seattle-Beacon Hill,pm10,14.0,µg/m³,US,,False,,Governmental Organization,reference grade,2024-06-09 11:00:00+00:00,2024-06-09 04:00:00,47.568236000000006,-122.308628
336,1938,Seattle-Beacon Hill,pm10,13.0,µg/m³,US,,False,,Governmental Organization,reference grade,2024-06-09 10:00:00+00:00,2024-06-09 03:00:00,47.568236000000006,-122.308628
337,1938,Seattle-Beacon Hill,pm10,11.0,µg/m³,US,,False,,Governmental Organization,reference grade,2024-06-09 09:00:00+00:00,2024-06-09 02:00:00,47.568236000000006,-122.308628
338,1938,Seattle-Beacon Hill,pm10,23.0,µg/m³,US,,False,,Governmental Organization,reference grade,2024-06-09 08:00:00+00:00,2024-06-09 01:00:00,47.568236000000006,-122.308628
339,1938,Seattle-Beacon Hill,pm10,20.0,µg/m³,US,,False,,Governmental Organization,reference grade,2024-06-09 07:00:00+00:00,2024-06-09 00:00:00,47.568236000000006,-122.308628
340,1938,Seattle-Beacon Hill,pm10,16.0,µg/m³,US,,False,,Governmental Organization,reference grade,2024-06-09 06:00:00+00:00,2024-06-08 23:00:00,47.568236000000006,-122.308628
341,1938,Seattle-Beacon Hill,pm10,15.0,µg/m³,US,,False,,Governmental Organization,reference grade,2024-06-09 05:00:00+00:00,2024-06-08 22:00:00,47.568236000000006,-122.308628
342,1938,Seattle-Beacon Hill,pm10,24.0,µg/m³,US,,False,,Governmental Organization,reference grade,2024-06-09 04:00:00+00:00,2024-06-08 21:00:00,47.568236000000006,-122.308628
343,1938,Seattle-Beacon Hill,pm10,20.0,µg/m³,US,,False,,Governmental Organization,reference grade,2024-06-09 03:00:00+00:00,2024-06-08 20:00:00,47.568236000000006,-122.308628
344,1938,Seattle-Beacon Hill,pm10,17.0,µg/m³,US,,False,,Governmental Organization,reference grade,2024-06-09 02:00:00+00:00,2024-06-08 19:00:00,47.568236000000006,-122.308628
345,1938,Seattle-Beacon Hill,pm10,13.0,µg/m³,US,,False,,Governmental Organization,reference grade,2024-06-09 01:00:00+00:00,2024-06-08 18:00:00,47.568236000000006,-122.308628
